"Training Data Error","Testing Data Error"
"0.098167","0.096800"
"0.910333","0.909500"
"0.930867","0.927600"
